team,espn_raw_prob,espn_prob,poly_prob,market_prob,model_prob,edge,edge_ratio,overround_espn
Spain,0.16666666666666666,0.14155368419575867,0.16037735849056603,0.15096552134316235,0.159,0.008034478656837651,1.053220620081683,0.17740959985314508
Argentina,0.10526315789473684,0.08940232686047916,0.07924528301886792,0.08432380493967354,0.1402,0.055876195060326456,1.662638445932333,0.17740959985314508
Brazil,0.1111111111111111,0.09436912279717245,0.0830188679245283,0.08869399536085038,0.0681,-0.02059399536085038,0.7678084601210716,0.17740959985314508
England,0.13333333333333333,0.11324294735660695,0.10660377358490566,0.1099233604707563,0.0672,-0.04272336047075631,0.6113350220754731,0.17740959985314508
Morocco,0.0196078431372549,0.016653374611265728,0.014150943396226414,0.015402159003746071,0.0615,0.04609784099625393,3.9929467021501424,0.17740959985314508
Portugal,0.08333333333333333,0.07077684209787934,0.08396226415094339,0.07736955312441136,0.0577,-0.019669553124411362,0.7457714006337554,0.17740959985314508
France,0.16666666666666666,0.14155368419575867,0.16981132075471697,0.15568250247523782,0.0526,-0.10308250247523781,0.33786712805677266,0.17740959985314508
Colombia,0.024390243902439025,0.020715173296940295,0.016037735849056604,0.018376454572998448,0.0497,0.03132354542700155,2.7045478115798782,0.17740959985314508
Japan,0.0196078431372549,0.016653374611265728,0.016981132075471694,0.016817253343368713,0.0433,0.026482746656631286,2.5747367370828016,0.17740959985314508
Netherlands,0.047619047619047616,0.040443909770216765,0.0330188679245283,0.03673138884737254,0.0415,0.004768611152627465,1.129823872776555,0.17740959985314508
Switzerland,0.012345679012345678,0.010485458088574717,0.009433962264150943,0.00995971017636283,0.0359,0.02594028982363717,3.604522557815057,0.17740959985314508
Ecuador,0.01098901098901099,0.009333209946973101,0.007547169811320755,0.008440189879146928,0.0348,0.026359810120853068,4.123129988577618,0.17740959985314508
Norway,0.03225806451612903,0.027397487263695227,0.02358490566037736,0.025491196462036292,0.0316,0.006108803537963711,1.2396436568625357,0.17740959985314508
Germany,0.06666666666666667,0.056621473678303474,0.0490566037735849,0.052839038725944185,0.0306,-0.022239038725944186,0.5791172727178187,0.17740959985314508
Senegal,0.009009009009009009,0.007651550497068037,0.007547169811320755,0.007599360154194396,0.0193,0.011700639845805605,2.539687501104622,0.17740959985314508
Austria,0.006622516556291391,0.005624649703142729,0.005660377358490566,0.005642513530816648,0.0153,0.009657486469183352,2.7115575206756506,0.17740959985314508
Uruguay,0.015151515151515152,0.012868516745068972,0.010377358490566037,0.011622937617817505,0.0153,0.003677062382182494,1.3163625671143329,0.17740959985314508
Croatia,0.012345679012345678,0.010485458088574717,0.008490566037735847,0.009488012063155282,0.0131,0.0036119879368447187,1.3806896442376082,0.17740959985314508
Belgium,0.027777777777777776,0.023592280699293113,0.017924528301886792,0.020758404500589953,0.0099,-0.010858404500589952,0.4769152658008299,0.17740959985314508
Canada,0.004975124378109453,0.0042254831103211545,0.0047169811320754715,0.004471232121198313,0.007,0.002528767878801687,1.5655639900269738,0.17740959985314508
Australia,0.001996007984031936,0.0016952537029432176,0.0018867924528301887,0.0017910230778867033,0.0063,0.004508976922113297,3.517542614489151,0.17740959985314508
Algeria,0.002849002849002849,0.0024197210973633965,0.002830188679245283,0.0026249548883043395,0.0062,0.0035750451116956603,2.3619453528990197,0.17740959985314508
Turkey,0.009900990099009901,0.008409129754203486,0.00660377358490566,0.007506451669554572,0.0057,-0.001806451669554572,0.7593467927221377,0.17740959985314508
Paraguay,0.006622516556291391,0.005624649703142729,0.0037735849056603774,0.0046991173044015535,0.0055,0.0008008826955984462,1.1704325820613752,0.17740959985314508
Mexico,0.013157894736842105,0.011175290857559896,0.010377358490566037,0.010776324674062965,0.005,-0.005776324674062965,0.4639800814496864,0.17740959985314508
Ivory Coast,0.00398406374501992,0.0033837534070699287,0.0037735849056603774,0.003578669156365153,0.004,0.000421330843634847,1.117733946678321,0.17740959985314508
DR Congo,0.0014265335235378032,0.0012115864553131986,0.0018867924528301887,0.0015491894540716937,0.0027,0.0011508105459283064,1.742846875766977,0.17740959985314508
Egypt,0.0033222591362126247,0.0028216681235034955,0.0037735849056603774,0.0032976265145819366,0.0022,-0.0010976265145819365,0.6671465037874096,0.17740959985314508
Iran,0.001996007984031936,0.0016952537029432176,0.0018867924528301887,0.0017910230778867033,0.002,0.00020897692211329678,1.1166801950759209,0.17740959985314508
Scotland,0.004975124378109453,0.0042254831103211545,0.0037735849056603774,0.003999534007990766,0.0016,-0.002399534007990766,0.40004660463026975,0.17740959985314508
Uzbekistan,0.000999000999000999,0.0008484736315430091,0.0018867924528301887,0.0013676330421865989,0.0011,-0.0002676330421865988,0.804309318412853,0.17740959985314508
Tunisia,0.001996007984031936,0.0016952537029432176,0.0018867924528301887,0.0017910230778867033,0.0009,-0.0008910230778867033,0.5025060877841644,0.17740959985314508
South Korea,0.0022172949002217295,0.0018831975724491177,0.0037735849056603774,0.0028283912390547478,0.0008,-0.002028391239054748,0.2828463010892938,0.17740959985314508
United States,0.01639344262295082,0.013923313199582822,0.012264150943396225,0.013093732071489523,0.0006,-0.012493732071489523,0.04582345176486759,0.17740959985314508
Bosnia and Herzegovina,0.00398406374501992,0.0033837534070699287,0.002830188679245283,0.003106971043157606,0.0005,-0.002606971043157606,0.16092843900207432,0.17740959985314508
Sweden,0.009900990099009901,0.008409129754203486,0.005660377358490566,0.007034753556347025,0.0004,-0.006634753556347025,0.05686055620798608,0.17740959985314508
Czech Republic,0.00398406374501992,0.0033837534070699287,0.002830188679245283,0.003106971043157606,0.0003,-0.002806971043157606,0.09655706340124458,0.17740959985314508
South Africa,0.0012484394506866417,0.0010603272224401399,0.0018867924528301887,0.0014735598376351643,0.0002,-0.0012735598376351642,0.13572574040900104,0.17740959985314508
New Zealand,0.000999000999000999,0.0008484736315430091,0.0018867924528301887,0.0013676330421865989,0.0001,-0.0012676330421865988,0.073119028946623,0.17740959985314508
Cape Verde,0.000999000999000999,0.0008484736315430091,0.0018867924528301887,0.0013676330421865989,0.0001,-0.0012676330421865988,0.073119028946623,0.17740959985314508
Panama,0.000999000999000999,0.0008484736315430091,0.0018867924528301887,0.0013676330421865989,0.0001,-0.0012676330421865988,0.073119028946623,0.17740959985314508
Ghana,0.0033222591362126247,0.0028216681235034955,0.002830188679245283,0.002825928401374389,0.0001,-0.0027259284013743893,0.0353866007190292,0.17740959985314508
Curacao,0.0004997501249375312,0.00042444882817318944,0.0018867924528301887,0.001155620640501689,0.0,-0.001155620640501689,0.0,0.17740959985314508
Haiti,0.00039984006397441024,0.0003395930048678737,0.0009433962264150943,0.000641494615641484,0.0,-0.000641494615641484,0.0,0.17740959985314508
Jordan,0.0004997501249375312,0.00042444882817318944,0.0018867924528301887,0.001155620640501689,0.0,-0.001155620640501689,0.0,0.17740959985314508
Iraq,0.000999000999000999,0.0008484736315430091,0.0018867924528301887,0.0013676330421865989,0.0,-0.0013676330421865989,0.0,0.17740959985314508
Qatar,0.000999000999000999,0.0008484736315430091,0.0018867924528301887,0.0013676330421865989,0.0,-0.0013676330421865989,0.0,0.17740959985314508
Saudi Arabia,0.000999000999000999,0.0008484736315430091,0.0018867924528301887,0.0013676330421865989,0.0,-0.0013676330421865989,0.0,0.17740959985314508
